Traffic Region ID; Track ID; Track Type; Colour; Licence Plate; Entry Time [s]; Exit Time [s]; Avg. Speed [kpx/h]; Avg. Total Acc. [pxs-2]; Total Stationary [s]; Longest Stationary [s]; 
1; 3; Car; Undefined; Undefined; 0; 491.291; 2.114438; 0.2725; 474.975; 190.791; 
1; 2; Motorcycle; Undefined; Undefined; 0; 4.6046; 616.473414; 72.6336; 0.000; 0.000; 
1; 5; Motorcycle; Undefined; Undefined; 4.9049; 6.00601; 792.936433; 270.1087; 0.000; 0.000; 
1; 7; Motorcycle; Undefined; Undefined; 9.00901; 11.5115; 480.730209; 78.2164; 0.000; 0.000; 
1; 8; Car; Silver; Undefined; 10.9109; 12.5125; 2019.541621; 658.7429; 0.000; 0.000; 
1; 12; Bicycle; Undefined; Undefined; 20.02; 32.6326; 299.448997; 31.0982; 0.000; 0.000; 
1; 11; Bicycle; Undefined; Undefined; 24.5245; 31.5315; 426.540094; 34.1443; 0.000; 0.000; 
1; 9; Pedestrian; Undefined; Undefined; 25.1251; 47.047; 126.338365; 20.4818; 0.000; 0.000; 
1; 14; Car; Black; Undefined; 26.4264; 28.2282; 1563.616281; 397.9045; 0.000; 0.000; 
1; 16; Motorcycle; Undefined; Undefined; 33.2332; 37.7377; 596.770607; 56.1188; 0.000; 0.000; 
1; 17; Car; Black; Undefined; 37.6376; 41.5415; 766.890593; 60.2410; 0.000; 0.000; 
1; 18; Motorcycle; Undefined; Undefined; 37.6376; 38.9389; 1458.578930; 114.2200; 0.000; 0.000; 
1; 20; Motorcycle; Undefined; Undefined; 48.2482; 51.7518; 839.528294; 75.8821; 0.000; 0.000; 
1; 21; Car; Black; Undefined; 57.8579; 59.6597; 1659.813018; 389.9960; 0.000; 0.000; 
1; 23; Car; Red; Undefined; 61.7618; 64.1642; 1231.206571; 234.6144; 0.000; 0.000; 
1; 24; Motorcycle; Undefined; Undefined; 63.3634; 66.2663; 983.954744; 163.5193; 0.000; 0.000; 
1; 28; Car; Red; Undefined; 66.967; 69.5696; 1177.083081; 288.9354; 0.000; 0.000; 
1; 27; Motorcycle; Undefined; Undefined; 69.4695; 73.2733; 784.641232; 109.6744; 0.000; 0.000; 
1; 31; Motorcycle; Undefined; Undefined; 76.7768; 79.0791; 1245.635380; 146.3054; 0.000; 0.000; 
1; 33; Motorcycle; Undefined; Undefined; 81.982; 84.3844; 1280.617072; 224.5383; 0.000; 0.000; 
1; 30; Car; White; Undefined; 85.4855; 89.99; 640.803667; 76.3844; 0.000; 0.000; 
1; 35; Light Truck; Black; Undefined; 94.5946; 98.1982; 829.126664; 159.6333; 0.000; 0.000; 
1; 37; Car; White; Undefined; 114.414; 118.619; 679.234014; 93.0714; 0.000; 0.000; 
1; 39; Bicycle; Undefined; Undefined; 118.619; 124.625; 525.737076; 52.0967; 0.000; 0.000; 
1; 42; Car; Silver; Undefined; 132.933; 136.336; 910.876692; 93.6546; 0.000; 0.000; 
1; 43; Motorcycle; Undefined; Undefined; 135.235; 137.738; 578.512062; 156.2553; 0.000; 0.000; 
1; 44; Motorcycle; Undefined; Undefined; 135.936; 137.137; 1771.430735; 297.5690; 0.000; 0.000; 
1; 46; Car; White; Undefined; 142.442; 145.846; 871.799035; 90.8149; 0.000; 0.000; 
1; 52; Bicycle; Undefined; Undefined; 153.654; 158.458; 662.097484; 65.9700; 0.000; 0.000; 
1; 53; Car; Silver; Undefined; 155.756; 157.658; 1396.419916; 231.2613; 0.000; 0.000; 
1; 54; Motorcycle; Undefined; Undefined; 158.358; 161.762; 644.004804; 115.7128; 0.000; 0.000; 
1; 55; Car; Black; Undefined; 159.459; 162.563; 997.024270; 121.3595; 0.000; 0.000; 
1; 57; Car; Black; Undefined; 161.061; 164.164; 956.572913; 142.3585; 0.000; 0.000; 
1; 58; Motorcycle; Undefined; Undefined; 162.362; 165.365; 1062.601304; 148.5273; 0.000; 0.000; 
1; 60; Motorcycle; Undefined; Undefined; 163.864; 167.167; 967.678840; 107.3487; 0.000; 0.000; 
1; 61; Car; Silver; Undefined; 164.865; 167.367; 1180.759274; 230.2284; 0.000; 0.000; 
1; 62; Motorcycle; Undefined; Undefined; 167.968; 170.871; 1015.188359; 82.5838; 0.000; 0.000; 
1; 45; Car; Silver; Undefined; 168.168; 172.472; 670.847069; 105.0506; 0.000; 0.000; 
1; 51; Car; Black; Undefined; 177.578; 181.682; 693.957831; 97.7836; 0.000; 0.000; 
1; 68; Motorcycle; Undefined; Undefined; 181.682; 183.483; 909.568668; 219.9569; 0.000; 0.000; 
1; 69; Car; Silver; Undefined; 182.282; 185.285; 1021.741594; 181.2892; 0.000; 0.000; 
1; 71; Motorcycle; Undefined; Undefined; 184.084; 186.486; 1057.231328; 238.2152; 0.000; 0.000; 
1; 70; Car; Black; Undefined; 185.285; 187.788; 1101.167040; 267.1084; 0.000; 0.000; 
1; 75; Motorcycle; Undefined; Undefined; 195.295; 198.498; 894.154796; 151.6513; 0.000; 0.000; 
1; 76; Motorcycle; Undefined; Undefined; 198.999; 201.802; 928.620253; 231.4766; 0.000; 0.000; 
1; 79; Car; White; Undefined; 201.401; 204.304; 1072.931704; 145.7634; 0.000; 0.000; 
1; 80; Motorcycle; Undefined; Undefined; 203.604; 206.406; 1128.255143; 133.4995; 0.000; 0.000; 
1; 78; Motorcycle; Undefined; Undefined; 204.805; 209.409; 638.332846; 99.7933; 0.000; 0.000; 
1; 81; Car; Red; Undefined; 207.708; 209.61; 1670.993908; 433.1956; 0.000; 0.000; 
1; 84; Car; Silver; Undefined; 217.017; 220.32; 923.752897; 92.2599; 0.000; 0.000; 
1; 83; Car; Black; Undefined; 217.718; 220.521; 1009.709985; 237.1364; 0.000; 0.000; 
1; 85; Motorcycle; Undefined; Undefined; 219.319; 222.523; 867.626017; 51.7895; 0.000; 0.000; 
1; 86; Motorcycle; Undefined; Undefined; 224.324; 226.426; 1483.714331; 274.2505; 0.000; 0.000; 
1; 88; Light Truck; Black; Undefined; 232.533; 235.135; 1067.076400; 233.5456; 0.000; 0.000; 
1; 90; Motorcycle; Undefined; Undefined; 239.439; 241.842; 1328.483977; 179.4233; 0.000; 0.000; 
1; 89; Car; Silver; Undefined; 240.14; 243.844; 794.687931; 122.3387; 0.000; 0.000; 
1; 93; Truck; Black; Undefined; 245.145; 247.548; 1160.732637; 273.7683; 0.000; 0.000; 
1; 97; Car; Black; Undefined; 248.348; 251.051; 1059.938019; 263.3057; 0.000; 0.000; 
1; 98; Car; Red; Undefined; 250.851; 253.253; 1188.120670; 216.8642; 0.000; 0.000; 
1; 92; Motorcycle; Undefined; Undefined; 252.152; 256.256; 725.185314; 70.3349; 0.000; 0.000; 
1; 101; Car; Black; Undefined; 262.362; 266.166; 779.530157; 106.0420; 0.000; 0.000; 
1; 94; Car; Red; Undefined; 265.866; 271.972; 479.576537; 57.9307; 0.000; 0.000; 
1; 103; Motorcycle; Undefined; Undefined; 267.067; 272.472; 538.600350; 75.2419; 0.000; 0.000; 
1; 104; Motorcycle; Undefined; Undefined; 270.871; 273.574; 627.839166; 118.6070; 0.000; 0.000; 
1; 100; Car; Black; Undefined; 272.072; 277.377; 542.414416; 65.3361; 0.000; 0.000; 
1; 109; Car; Undefined; Undefined; 280.48; 287.788; 193.058743; 25.2500; 0.000; 0.000; 
1; 110; Van; Silver; Undefined; 282.683; 284.585; 1641.201461; 459.3872; 0.000; 0.000; 
1; 111; Car; Black; Undefined; 286.386; 288.488; 1426.667466; 389.6215; 0.000; 0.000; 
1; 113; Car; Undefined; Undefined; 288.689; 298.899; 121.475512; 13.4006; 0.000; 0.000; 
1; 114; Motorcycle; Undefined; Undefined; 289.69; 291.091; 1549.814397; 167.6575; 0.000; 0.000; 
1; 115; Bicycle; Undefined; Undefined; 294.394; 303.504; 337.620936; 19.8072; 0.000; 0.000; 
1; 116; Car; Black; Undefined; 296.997; 299.299; 1256.903212; 309.4320; 0.000; 0.000; 
1; 118; Motorcycle; Undefined; Undefined; 302.503; 304.404; 1039.748847; 142.3570; 0.000; 0.000; 
1; 119; Car; Black; Undefined; 304.004; 307.307; 900.830531; 170.3758; 0.000; 0.000; 
1; 120; Car; Black; Undefined; 304.805; 307.207; 1286.159594; 291.7339; 0.000; 0.000; 
1; 122; Car; Red; Undefined; 309.209; 312.613; 868.191889; 90.7846; 0.000; 0.000; 
1; 124; Motorcycle; Undefined; Undefined; 314.114; 317.417; 945.643814; 102.4846; 0.000; 0.000; 
1; 125; Car; Silver; Undefined; 316.917; 319.119; 1359.931422; 315.3635; 0.000; 0.000; 
1; 126; Motorcycle; Undefined; Undefined; 318.619; 321.121; 1232.260490; 232.9964; 0.000; 0.000; 
1; 127; Motorcycle; Undefined; Undefined; 320.521; 323.524; 1031.607659; 126.5893; 0.000; 0.000; 
1; 129; Car; Silver; Undefined; 323.023; 325.025; 1555.289524; 397.2775; 0.000; 0.000; 
1; 130; Car; Black; Undefined; 324.825; 327.127; 1320.931255; 312.4698; 0.000; 0.000; 
1; 133; Car; Silver; Undefined; 327.127; 330.43; 922.947872; 120.4253; 0.000; 0.000; 
1; 131; Car; Silver; Undefined; 328.228; 330.13; 1628.993216; 450.6125; 0.000; 0.000; 
1; 134; Motorcycle; Undefined; Undefined; 329.129; 330.731; 641.554633; 180.6767; 0.000; 0.000; 
1; 135; Motorcycle; Undefined; Undefined; 330.23; 332.332; 941.001210; 251.9260; 0.000; 0.000; 
1; 140; Car; Black; Undefined; 339.339; 341.542; 1154.179733; 283.1309; 0.000; 0.000; 
1; 142; Motorcycle; Undefined; Undefined; 342.342; 343.443; 1644.623898; 121.5068; 0.000; 0.000; 
1; 143; Car; Silver; Undefined; 346.046; 347.447; 2032.630386; 596.9558; 0.000; 0.000; 
1; 145; Pedestrian; Undefined; Undefined; 350.651; 355.656; 124.310279; 19.6181; 0.000; 0.000; 
1; 146; Light Truck; White; Undefined; 352.953; 354.655; 1742.559038; 542.1816; 0.000; 0.000; 
1; 149; Bus; Green; Undefined; 356.657; 359.059; 1148.399725; 307.6132; 0.000; 0.000; 
1; 152; Motorcycle; Undefined; Undefined; 358.859; 415.015; 57.669121; 15.1232; 43.944; 43.944; 
1; 150; Car; Silver; Undefined; 358.959; 361.161; 1361.249332; 359.5446; 0.000; 0.000; 
1; 153; Motorcycle; Undefined; Undefined; 358.959; 362.062; 951.126092; 83.1765; 0.000; 0.000; 
1; 128; Motorcycle; Undefined; Undefined; 363.564; 365.566; 1174.906380; 196.5798; 0.000; 0.000; 
1; 155; Motorcycle; Undefined; Undefined; 363.864; 367.568; 442.561533; 42.8536; 0.000; 0.000; 
1; 156; Motorcycle; Undefined; Undefined; 366.567; 370.771; 407.667136; 43.7359; 0.000; 0.000; 
1; 154; Car; Red; Undefined; 368.168; 371.672; 804.622217; 121.8491; 0.000; 0.000; 
1; 159; Car; Silver; Undefined; 374.374; 376.176; 1536.348200; 549.5623; 0.000; 0.000; 
1; 160; Motorcycle; Undefined; Undefined; 381.782; 387.287; 523.325814; 65.6444; 0.000; 0.000; 
1; 163; Motorcycle; Undefined; Undefined; 383.283; 386.486; 911.375249; 84.8731; 0.000; 0.000; 
1; 165; Motorcycle; Undefined; Undefined; 384.284; 387.387; 951.137522; 84.1893; 0.000; 0.000; 
1; 164; Motorcycle; Undefined; Undefined; 385.586; 389.59; 524.377185; 59.6887; 0.000; 0.000; 
1; 167; Car; Silver; Undefined; 393.794; 397.097; 889.248940; 79.5092; 0.000; 0.000; 
1; 169; Motorcycle; Undefined; Undefined; 398.198; 401.301; 1040.163689; 137.2583; 0.000; 0.000; 
1; 171; Motorcycle; Undefined; Undefined; 398.899; 402.102; 935.137850; 83.9191; 0.000; 0.000; 
1; 173; Car; Silver; Undefined; 408.909; 411.311; 1198.131514; 140.7230; 0.000; 0.000; 
1; 175; Motorcycle; Undefined; Undefined; 417.718; 418.018; 1469.057298; 96.8998; 0.000; 0.000; 
1; 176; Car; Silver; Undefined; 418.519; 420.42; 1600.203028; 354.7086; 0.000; 0.000; 
1; 175; Motorcycle; Undefined; Undefined; 420.521; 420.821; 450.038644; 164.7770; 0.000; 0.000; 
1; 177; Motorcycle; Undefined; Undefined; 420.921; 423.423; 1213.541441; 155.1776; 0.000; 0.000; 
1; 178; Motorcycle; Undefined; Undefined; 426.326; 431.932; 525.491614; 82.4013; 0.000; 0.000; 
1; 182; Car; Silver; Undefined; 433.634; 435.836; 1422.047211; 319.9080; 0.000; 0.000; 
1; 183; Motorcycle; Undefined; Undefined; 433.934; 437.237; 396.891695; 34.1908; 0.000; 0.000; 
1; 187; Car; Undefined; Undefined; 441.241; 448.048; 141.262761; 33.8553; 0.000; 0.000; 
1; 188; Car; Black; Undefined; 444.745; 446.847; 1418.314944; 380.2743; 0.000; 0.000; 
1; 189; Car; Red; Undefined; 446.847; 451.351; 665.213807; 49.2366; 0.000; 0.000; 
1; 190; Car; Black; Undefined; 449.65; 453.854; 725.185975; 112.2143; 0.000; 0.000; 
1; 191; Motorcycle; Undefined; Undefined; 450.851; 454.855; 732.121578; 76.2825; 0.000; 0.000; 
1; 194; Motorcycle; Undefined; Undefined; 451.852; 455.455; 817.774685; 114.5406; 0.000; 0.000; 
1; 195; Car; Silver; Undefined; 452.452; 456.757; 719.611814; 110.7393; 0.000; 0.000; 
1; 197; Car; Silver; Undefined; 454.755; 458.859; 750.651516; 112.5093; 0.000; 0.000; 
1; 198; Motorcycle; Undefined; Undefined; 458.959; 462.062; 988.137283; 150.6321; 0.000; 0.000; 
1; 201; Car; Silver; Undefined; 469.97; 483.183; 223.733938; 35.0935; 0.000; 0.000; 
1; 193; Car; Silver; Undefined; 470.971; 474.875; 702.112985; 122.3292; 0.000; 0.000; 
1; 202; Light Truck; Silver; Undefined; 475.776; 478.979; 917.653582; 192.6463; 0.000; 0.000; 
1; 203; Car; Black; Undefined; 476.476; 486.286; 312.693312; 64.9449; 0.000; 0.000; 
1; 204; Motorcycle; Undefined; Undefined; 482.082; 484.284; 1464.124971; 226.2227; 0.000; 0.000; 
1; 205; Car; Silver; Undefined; 482.482; 488.789; 451.825928; 91.3237; 0.000; 0.000; 
1; 210; Motorcycle; Undefined; Undefined; 491.291; 494.094; 1088.361200; 129.2225; 0.000; 0.000; 
1; 206; Bicycle; Undefined; Undefined; 491.491; 500; 336.317960; 25.8398; 0.000; 0.000; 
1; 211; Car; Black; Undefined; 492.893; 494.995; 1434.202459; 353.9154; 0.000; 0.000; 
1; 214; Motorcycle; Undefined; Undefined; 497.998; 501.101; 965.089289; 95.7394; 0.000; 0.000; 
1; 208; Car; Silver; Undefined; 498.799; 507.708; 333.327846; 30.6658; 0.000; 0.000; 
1; 217; Motorcycle; Undefined; Undefined; 499.9; 501.602; 806.336221; 252.0071; 0.000; 0.000; 
1; 218; Cartrailer; Undefined; Undefined; 502.002; 505.606; 467.252625; 47.4479; 0.000; 0.000; 
1; 215; Car; White; Undefined; 502.903; 508.408; 535.090308; 46.4647; 0.000; 0.000; 
1; 223; Car; Yellow; Undefined; 508.809; 511.211; 1298.279991; 252.4578; 0.000; 0.000; 
1; 216; Car; Black; Undefined; 509.409; 513.413; 654.612317; 73.3724; 0.000; 0.000; 
1; 224; Motorcycle; Undefined; Undefined; 509.71; 511.812; 1423.972704; 280.6119; 0.000; 0.000; 
1; 225; Car; Silver; Undefined; 511.011; 515.415; 664.366133; 72.2467; 0.000; 0.000; 
1; 226; Car; Silver; Undefined; 512.713; 518.218; 550.609006; 92.1244; 0.000; 0.000; 
1; 227; Car; Red; Undefined; 515.015; 517.518; 1124.504679; 244.8657; 0.000; 0.000; 
1; 229; Car; Silver; Undefined; 517.317; 522.422; 602.198665; 70.2745; 0.000; 0.000; 
1; 225; Car; Silver; Undefined; 518.519; 519.319; 103.681433; 42.9966; 0.000; 0.000; 
1; 231; Car; Black; Undefined; 521.221; 533.433; 271.363023; 54.2573; 0.000; 0.000; 
1; 232; Light Truck; Green; Undefined; 525.826; 527.127; 969.994215; 481.7059; 0.000; 0.000; 
1; 234; Light Truck; Green; Undefined; 527.127; 529.63; 438.284303; 73.9935; 0.000; 0.000; 
1; 233; Car; Silver; Undefined; 528.428; 531.532; 989.419431; 190.6018; 0.000; 0.000; 
1; 237; Motorcycle; Undefined; Undefined; 529.429; 532.933; 272.753903; 18.8131; 0.000; 0.000; 
1; 238; Motorcycle; Undefined; Undefined; 532.633; 534.434; 875.811720; 166.0974; 0.000; 0.000; 
1; 239; Motorcycle; Undefined; Undefined; 534.134; 537.638; 880.948185; 83.7088; 0.000; 0.000; 
1; 240; Car; Silver; Undefined; 539.54; 542.142; 1080.854593; 250.5458; 0.000; 0.000; 
1; 247; Car; Black; Undefined; 549.65; 554.454; 608.775749; 72.1030; 0.000; 0.000; 
1; 248; Motorcycle; Undefined; Undefined; 551.552; 554.655; 1009.634352; 147.4720; 0.000; 0.000; 
1; 249; Car; Silver; Undefined; 552.252; 558.759; 472.728960; 50.6111; 0.000; 0.000; 
1; 250; Motorcycle; Undefined; Undefined; 558.559; 560.16; 526.842068; 108.2689; 0.000; 0.000; 
1; 253; Motorcycle; Undefined; Undefined; 564.164; 567.568; 386.867717; 39.2269; 0.000; 0.000; 
1; 254; Car; Black; Undefined; 566.867; 569.97; 936.392508; 181.5968; 0.000; 0.000; 
1; 255; Car; Silver; Undefined; 568.068; 571.271; 903.467380; 187.5425; 0.000; 0.000; 
1; 258; Motorcycle; Undefined; Undefined; 568.869; 570.37; 1597.214037; 174.2879; 0.000; 0.000; 
1; 263; Car; Silver; Undefined; 587.087; 588.889; 1763.510711; 482.4390; 0.000; 0.000; 
1; 262; Motorcycle; Undefined; Undefined; 588.989; 593.093; 350.288938; 64.4815; 0.000; 0.000; 
1; 264; Car; Undefined; Undefined; 594.194; 599.9; 247.415724; 19.1853; 0.000; 0.000; 
1; 261; Car; Black; Undefined; 596.396; 601.602; 560.872897; 46.0576; 0.000; 0.000; 
1; 265; Bus; Yellow; Undefined; 599.099; 605.305; 466.273195; 62.0864; 0.000; 0.000; 
1; 266; Car; Silver; Undefined; 603.403; 609.81; 440.408036; 50.4496; 0.000; 0.000; 
1; 271; Light Truck; Silver; Undefined; 607.708; 612.713; 172.824367; 29.1462; 0.000; 0.000; 
1; 278; Motorcycle; Undefined; Undefined; 619.319; 626.226; 416.266944; 35.6891; 0.000; 0.000; 
1; 279; Car; Black; Undefined; 620.22; 622.923; 1102.258933; 129.9702; 0.000; 0.000; 
1; 280; Motorcycle; Undefined; Undefined; 623.524; 626.426; 466.007283; 42.8950; 0.000; 0.000; 
1; 284; Car; Silver; Undefined; 644.545; 648.549; 734.057966; 73.7397; 0.000; 0.000; 
1; 283; Car; Yellow; Undefined; 645.045; 647.548; 1190.134793; 279.5794; 0.000; 0.000; 
1; 286; Car; Silver; Undefined; 649.349; 652.252; 1085.440098; 214.4706; 0.000; 0.000; 
1; 285; Pedestrian; Undefined; Undefined; 651.251; 658.859; 177.538178; 18.8807; 0.000; 0.000; 
1; 288; Car; Black; Undefined; 652.653; 655.556; 1087.935146; 216.9505; 0.000; 0.000; 
1; 290; Bicycle; Undefined; Undefined; 660.46; 664.164; 337.886478; 21.9391; 0.000; 0.000; 
1; 287; Car; Black; Undefined; 663.564; 667.167; 816.387413; 132.0614; 0.000; 0.000; 
1; 296; Motorcycle; Undefined; Undefined; 672.573; 675.475; 1074.504097; 108.7718; 0.000; 0.000; 
1; 292; Car; Black; Undefined; 678.879; 686.486; 381.818848; 35.5978; 0.000; 0.000; 
1; 298; Car; Silver; Undefined; 680.581; 682.282; 1806.117325; 526.8359; 0.000; 0.000; 
1; 299; Car; Silver; Undefined; 683.784; 686.987; 924.969604; 102.4214; 0.000; 0.000; 
1; 300; Car; Silver; Undefined; 695.095; 700.901; 516.266445; 43.7036; 0.000; 0.000; 
1; 301; Motorcycle; Undefined; Undefined; 698.899; 701.902; 866.221879; 142.6745; 0.000; 0.000; 
1; 302; Light Truck; Green; Undefined; 703.303; 707.508; 635.227430; 170.0480; 0.000; 0.000; 
2; 4; Motorcycle; Undefined; Undefined; 4.9049; 13.2132; 24.968805; 8.6575; 0.000; 0.000; 
2; 9; Pedestrian; Undefined; Undefined; 13.9139; 25.1251; 26.289074; 10.2776; 0.000; 0.000; 
2; 10; Bicycle; Undefined; Undefined; 19.9199; 25.1251; 204.174120; 20.1046; 0.000; 0.000; 
2; 11; Bicycle; Undefined; Undefined; 22.2222; 22.3223; 805.498484; 65.9105; 0.000; 0.000; 
2; 15; Car; White; Undefined; 31.5315; 38.7387; 212.198444; 30.9852; 0.000; 0.000; 
2; 18; Motorcycle; Undefined; Undefined; 39.6396; 43.5435; 215.291263; 84.6892; 0.000; 0.000; 
2; 19; Motorcycle; Undefined; Undefined; 40.6406; 41.041; 268.121940; 73.8628; 0.000; 0.000; 
2; 20; Motorcycle; Undefined; Undefined; 51.7518; 52.7528; 641.910096; 254.8346; 0.000; 0.000; 
2; 22; Motorcycle; Undefined; Undefined; 60.8609; 65.966; 228.164314; 39.2044; 0.000; 0.000; 
2; 25; Pedestrian; Undefined; Undefined; 61.962; 66.3664; 114.230566; 13.4533; 0.000; 0.000; 
2; 26; Motorcycle; Undefined; Undefined; 64.965; 68.3684; 344.122819; 73.4729; 0.000; 0.000; 
2; 30; Car; White; Undefined; 75.4755; 85.4855; 67.707224; 22.0067; 0.000; 0.000; 
2; 32; Car; Red; Undefined; 79.7798; 83.2833; 280.891043; 75.3837; 0.000; 0.000; 
2; 35; Light Truck; Black; Undefined; 93.6937; 94.5946; 2068.845766; 73.8735; 0.000; 0.000; 
2; 36; Car; Silver; Undefined; 109.109; 116.316; 210.057892; 50.6807; 0.000; 0.000; 
2; 38; Motorcycle; Undefined; Undefined; 119.419; 122.523; 410.166043; 90.2213; 0.000; 0.000; 
2; 40; Motorcycle; Undefined; Undefined; 127.427; 131.331; 248.519865; 39.0891; 0.000; 0.000; 
2; 45; Car; Silver; Undefined; 137.037; 168.168; 32.172847; 15.8001; 12.312; 12.312; 
2; 48; Motorcycle; Undefined; Undefined; 148.148; 166.667; 41.725023; 11.8567; 0.000; 0.000; 
2; 49; Car; Green; Undefined; 154.154; 163.564; 156.352169; 20.1020; 0.000; 0.000; 
2; 54; Motorcycle; Undefined; Undefined; 158.158; 158.358; 314.578537; 116.0083; 0.000; 0.000; 
2; 56; Motorcycle; Undefined; Undefined; 162.362; 170.07; 296.620804; 58.6317; 0.000; 0.000; 
2; 59; Motorcycle; Undefined; Undefined; 162.462; 165.566; 347.017239; 74.8291; 0.000; 0.000; 
2; 48; Motorcycle; Undefined; Undefined; 166.867; 167.768; 575.515595; 86.5401; 0.000; 0.000; 
2; 63; Motorcycle; Undefined; Undefined; 168.268; 171.772; 448.476671; 87.3072; 0.000; 0.000; 
2; 64; Motorcycle; Undefined; Undefined; 168.869; 172.973; 396.381332; 91.0428; 0.000; 0.000; 
2; 62; Motorcycle; Undefined; Undefined; 174.975; 175.375; 101.078589; 34.6602; 0.000; 0.000; 
2; 65; Motorcycle; Undefined; Undefined; 175.676; 179.98; 314.213111; 47.1959; 0.000; 0.000; 
2; 66; Motorcycle; Undefined; Undefined; 176.276; 196.496; 19.976797; 4.7824; 7.508; 7.508; 
2; 67; Car; Black; Undefined; 181.181; 188.789; 199.153239; 29.1354; 0.000; 0.000; 
2; 72; Car; Silver; Undefined; 188.488; 196.296; 188.800110; 36.2830; 0.000; 0.000; 
2; 76; Motorcycle; Undefined; Undefined; 193.694; 198.599; 73.738569; 20.0413; 0.000; 0.000; 
2; 74; Motorcycle; Undefined; Undefined; 196.597; 200.901; 281.488981; 35.3051; 0.000; 0.000; 
2; 77; Motorcycle; Undefined; Undefined; 197.397; 211.912; 17.130126; 4.8131; 5.806; 5.806; 
2; 78; Motorcycle; Undefined; Undefined; 199.7; 204.505; 89.101199; 24.3428; 0.000; 0.000; 
2; 88; Light Truck; Black; Undefined; 231.532; 232.232; 2009.948782; 146.8621; 0.000; 0.000; 
2; 91; Motorcycle; Undefined; Undefined; 240.04; 248.348; 19.955633; 5.3893; 0.000; 0.000; 
2; 93; Truck; Black; Undefined; 244.444; 245.145; 2263.607493; 106.9604; 0.000; 0.000; 
2; 94; Car; Red; Undefined; 245.345; 265.866; 35.668343; 13.6255; 0.000; 0.000; 
2; 95; Motorcycle; Undefined; Undefined; 245.445; 252.452; 40.818731; 6.5955; 0.000; 0.000; 
2; 96; Motorcycle; Undefined; Undefined; 245.445; 253.053; 5.049793; 2.8177; 6.406; 6.406; 
2; 91; Motorcycle; Undefined; Undefined; 251.451; 252.052; 404.504135; 151.0716; 0.000; 0.000; 
2; 100; Car; Black; Undefined; 255.856; 272.072; 52.695889; 21.9592; 0.000; 0.000; 
2; 99; Motorcycle; Undefined; Undefined; 256.557; 259.459; 330.767169; 59.0242; 0.000; 0.000; 
2; 102; Motorcycle; Undefined; Undefined; 262.863; 266.366; 342.004359; 54.1296; 0.000; 0.000; 
2; 103; Motorcycle; Undefined; Undefined; 265.866; 267.067; 192.317231; 87.8547; 0.000; 0.000; 
2; 105; Car; Black; Undefined; 272.172; 280.981; 41.633560; 10.8587; 0.000; 0.000; 
2; 107; Motorcycle; Undefined; Undefined; 279.379; 281.481; 511.180540; 113.4979; 0.000; 0.000; 
2; 108; Car; Silver; Undefined; 279.68; 303.704; 63.253076; 17.5491; 10.110; 10.110; 
2; 111; Car; Black; Undefined; 285.686; 286.386; 2778.049854; 131.0280; 0.000; 0.000; 
2; 112; Bicycle; Undefined; Undefined; 286.286; 291.091; 188.204388; 12.2937; 0.000; 0.000; 
2; 117; Motorcycle; Undefined; Undefined; 297.598; 299.7; 514.654983; 99.2339; 0.000; 0.000; 
2; 106; Car; Black; Undefined; 300.701; 309.009; 137.800767; 19.4362; 0.000; 0.000; 
2; 123; Car; Black; Undefined; 314.114; 321.021; 219.316012; 40.5223; 0.000; 0.000; 
2; 132; Car; Silver; Undefined; 326.927; 376.376; 16.089850; 7.6012; 24.525; 13.113; 
2; 136; Motorcycle; Undefined; Undefined; 330.831; 351.451; 27.226251; 12.0002; 8.609; 8.609; 
2; 137; Motorcycle; Undefined; Undefined; 331.331; 347.748; 18.435579; 6.2992; 7.908; 7.908; 
2; 133; Car; Silver; Undefined; 331.632; 339.039; 157.998679; 44.6537; 0.000; 0.000; 
2; 139; Motorcycle; Undefined; Undefined; 333.834; 347.748; 4.389800; 3.7559; 5.806; 5.806; 
2; 144; Motorcycle; Undefined; Undefined; 348.549; 348.949; 344.818418; 146.6540; 0.000; 0.000; 
2; 146; Light Truck; White; Undefined; 354.655; 355.155; 3752.001388; 667.4110; 0.000; 0.000; 
2; 149; Bus; Green; Undefined; 356.056; 356.657; 2373.947123; 408.1861; 0.000; 0.000; 
2; 151; Motorcycle; Undefined; Undefined; 360.26; 362.663; 479.304072; 87.7353; 0.000; 0.000; 
2; 153; Motorcycle; Undefined; Undefined; 363.564; 365.866; 190.395837; 63.5620; 0.000; 0.000; 
2; 158; Motorcycle; Undefined; Undefined; 371.471; 373.173; 536.359998; 85.9051; 0.000; 0.000; 
2; 160; Motorcycle; Undefined; Undefined; 375.175; 381.181; 65.931812; 22.2714; 0.000; 0.000; 
2; 161; Motorcycle; Undefined; Undefined; 378.078; 381.782; 113.290461; 27.6443; 0.000; 0.000; 
2; 157; Light Truck; Red; Undefined; 378.178; 392.492; 108.632857; 14.8533; 0.000; 0.000; 
2; 163; Motorcycle; Undefined; Undefined; 386.486; 390.09; 300.817479; 95.4104; 0.000; 0.000; 
2; 165; Motorcycle; Undefined; Undefined; 387.387; 391.091; 306.731852; 97.4045; 0.000; 0.000; 
2; 162; Motorcycle; Undefined; Undefined; 388.789; 391.391; 306.493648; 63.5251; 0.000; 0.000; 
2; 164; Motorcycle; Undefined; Undefined; 389.89; 393.493; 163.043818; 44.7654; 0.000; 0.000; 
2; 168; Car; Red; Undefined; 395.095; 416.416; 41.858634; 13.0434; 9.510; 9.510; 
2; 171; Motorcycle; Undefined; Undefined; 403.504; 405.105; 170.469724; 70.9130; 0.000; 0.000; 
2; 170; Motorcycle; Undefined; Undefined; 403.904; 406.507; 371.931942; 79.0711; 0.000; 0.000; 
2; 172; Motorcycle; Undefined; Undefined; 404.805; 407.207; 500.240521; 93.8430; 0.000; 0.000; 
2; 174; Car; Silver; Undefined; 414.515; 439.039; 31.994694; 11.4318; 10.110; 10.110; 
2; 178; Motorcycle; Undefined; Undefined; 425.626; 426.226; 170.644958; 22.4618; 0.000; 0.000; 
2; 180; Pedestrian; Undefined; Undefined; 430.531; 431.532; 135.458798; 28.5272; 0.000; 0.000; 
2; 181; Motorcycle; Undefined; Undefined; 432.232; 436.036; 86.052384; 12.4342; 0.000; 0.000; 
2; 184; Pedestrian; Undefined; Undefined; 434.334; 437.838; 93.723613; 11.1227; 0.000; 0.000; 
2; 186; Car; Silver; Undefined; 438.338; 482.883; 37.636929; 14.0805; 10.711; 10.711; 
2; 192; Pedestrian; Undefined; Undefined; 450.951; 455.155; 70.547270; 6.9331; 0.000; 0.000; 
2; 193; Car; Silver; Undefined; 451.652; 470.971; 48.166718; 17.5417; 6.907; 6.907; 
2; 200; Motorcycle; Undefined; Undefined; 464.965; 468.468; 59.425650; 13.8233; 0.000; 0.000; 
2; 196; Light Truck; Orange; Undefined; 468.969; 471.772; 385.046868; 54.1663; 0.000; 0.000; 
2; 196; Light Truck; Orange; Undefined; 472.372; 479.68; 42.650492; 15.1117; 0.000; 0.000; 
2; 202; Light Truck; Silver; Undefined; 474.875; 475.776; 2140.155675; 97.9685; 0.000; 0.000; 
2; 208; Car; Silver; Undefined; 484.484; 498.799; 53.346383; 18.3610; 0.000; 0.000; 
2; 201; Car; Silver; Undefined; 484.685; 491.491; 87.183400; 29.2034; 0.000; 0.000; 
2; 209; Motorcycle; Undefined; Undefined; 487.187; 488.989; 452.255052; 111.1672; 0.000; 0.000; 
2; 206; Bicycle; Undefined; Undefined; 487.788; 491.491; 531.419693; 27.3139; 0.000; 0.000; 
2; 212; Van; Silver; Undefined; 497.598; 509.409; 130.086944; 25.2293; 0.000; 0.000; 
2; 219; Motorcycle; Undefined; Undefined; 503.604; 508.609; 207.940514; 31.4033; 0.000; 0.000; 
2; 221; Motorcycle; Undefined; Undefined; 509.309; 513.113; 315.450419; 47.5460; 0.000; 0.000; 
2; 228; Motorcycle; Undefined; Undefined; 516.416; 519.319; 428.747260; 91.0729; 0.000; 0.000; 
2; 230; Motorcycle; Undefined; Undefined; 523.524; 524.324; 433.455421; 197.8642; 0.000; 0.000; 
2; 232; Light Truck; Green; Undefined; 525.025; 525.826; 1863.075459; 117.4211; 0.000; 0.000; 
2; 233; Car; Silver; Undefined; 528.328; 528.428; 2073.981669; 96.5275; 0.000; 0.000; 
2; 225; Car; Silver; Undefined; 533.734; 537.538; 224.278930; 53.6776; 0.000; 0.000; 
2; 240; Car; Silver; Undefined; 538.639; 538.739; 2156.343334; 194.1724; 0.000; 0.000; 
2; 222; Car; Silver; Undefined; 541.341; 553.053; 112.024151; 17.2085; 0.000; 0.000; 
2; 242; Motorcycle; Undefined; Undefined; 542.643; 548.048; 202.506602; 24.9363; 0.000; 0.000; 
2; 244; Motorcycle; Undefined; Undefined; 547.848; 551.652; 306.993392; 52.3942; 0.000; 0.000; 
2; 241; Car; Silver; Undefined; 549.65; 555.956; 204.780387; 29.8888; 0.000; 0.000; 
2; 245; Motorcycle; Undefined; Undefined; 551.552; 553.954; 392.341708; 52.1132; 0.000; 0.000; 
2; 247; Car; Black; Undefined; 559.159; 567.768; 118.663215; 27.5704; 0.000; 0.000; 
2; 252; Motorcycle; Undefined; Undefined; 564.865; 566.066; 321.782794; 99.8112; 0.000; 0.000; 
2; 256; Motorcycle; Undefined; Undefined; 568.068; 571.772; 14.571333; 11.4567; 0.000; 0.000; 
2; 257; Car; Silver; Undefined; 568.168; 575.976; 202.943542; 54.0257; 0.000; 0.000; 
2; 246; Car; Silver; Undefined; 572.673; 579.179; 197.362784; 24.5923; 0.000; 0.000; 
2; 260; Car; Silver; Undefined; 574.074; 597.598; 30.679672; 12.4432; 10.310; 10.310; 
2; 259; Car; Silver; Undefined; 578.478; 584.885; 227.972299; 52.0005; 0.000; 0.000; 
2; 266; Car; Silver; Undefined; 599.7; 603.403; 112.661142; 27.2024; 0.000; 0.000; 
2; 267; Car; Silver; Undefined; 600.701; 607.407; 36.495640; 13.6566; 0.000; 0.000; 
2; 273; Motorcycle; Undefined; Undefined; 609.409; 610.511; 265.156436; 57.9098; 0.000; 0.000; 
2; 269; Motorcycle; Undefined; Undefined; 609.51; 610.511; 507.868115; 183.4298; 0.000; 0.000; 
2; 274; Motorcycle; Undefined; Undefined; 609.51; 613.213; 282.126343; 56.8955; 0.000; 0.000; 
2; 273; Motorcycle; Undefined; Undefined; 611.311; 612.312; 453.730731; 163.8420; 0.000; 0.000; 
2; 276; Light Truck; Red; Undefined; 611.712; 626.326; 38.665884; 12.0376; 0.000; 0.000; 
2; 270; Car; Silver; Undefined; 615.816; 622.222; 131.427477; 23.8564; 0.000; 0.000; 
2; 282; Car; Silver; Undefined; 633.333; 658.158; 39.312522; 13.1526; 9.910; 9.910; 
2; 284; Car; Silver; Undefined; 649.95; 659.259; 96.745328; 24.7517; 0.000; 0.000; 
2; 289; Car; Black; Undefined; 656.356; 671.972; 24.646272; 10.3889; 0.000; 0.000; 
2; 292; Car; Black; Undefined; 661.962; 678.879; 41.597876; 15.7011; 0.000; 0.000; 
2; 291; Motorcycle; Undefined; Undefined; 664.665; 670.871; 200.958017; 23.8856; 0.000; 0.000; 
2; 294; Car; Silver; Undefined; 668.869; 672.072; 340.225136; 64.7187; 0.000; 0.000; 
2; 293; Motorcycle; Undefined; Undefined; 671.772; 676.476; 231.264824; 33.2220; 0.000; 0.000; 
2; 297; Car; Silver; Undefined; 676.677; 687.087; 23.397866; 13.9922; 0.000; 0.000; 
2; 295; Motorcycle; Undefined; Undefined; 678.078; 682.082; 310.687412; 45.7559; 0.000; 0.000; 
2; 297; Car; Silver; Undefined; 687.287; 688.789; 119.143997; 46.8794; 0.000; 0.000; 
2; 299; Car; Silver; Undefined; 688.088; 693.293; 144.307437; 49.3699; 0.000; 0.000; 
2; 300; Car; Silver; Undefined; 702.302; 705.506; 166.170169; 55.3408; 0.000; 0.000; 
3; 4; Motorcycle; Undefined; Undefined; 15.5155; 16.3163; 452.867143; 217.5463; 0.000; 0.000; 
3; 10; Bicycle; Undefined; Undefined; 16.3163; 16.4164; 328.887597; 138.0034; 0.000; 0.000; 
3; 13; Car; Black; Undefined; 21.4214; 22.5225; 285.285795; 84.5072; 0.000; 0.000; 
3; 15; Car; White; Undefined; 26.2262; 29.7297; 159.995969; 47.2455; 0.000; 0.000; 
3; 16; Motorcycle; Undefined; Undefined; 29.8298; 31.9319; 1208.581888; 183.3516; 0.000; 0.000; 
3; 12; Bicycle; Undefined; Undefined; 32.6326; 34.7347; 942.494031; 209.1995; 0.000; 0.000; 
3; 17; Car; Black; Undefined; 41.5415; 43.8438; 1002.656177; 306.8897; 0.000; 0.000; 
3; 9; Pedestrian; Undefined; Undefined; 47.1471; 49.8498; 492.950547; 96.3855; 0.000; 0.000; 
3; 27; Motorcycle; Undefined; Undefined; 63.5636; 67.1672; 185.190360; 79.5338; 0.000; 0.000; 
3; 37; Car; White; Undefined; 108.008; 113.313; 435.117833; 82.1970; 0.000; 0.000; 
3; 40; Motorcycle; Undefined; Undefined; 123.423; 125.425; 389.212054; 70.9841; 0.000; 0.000; 
3; 39; Bicycle; Undefined; Undefined; 124.625; 127.628; 1184.878185; 256.9796; 0.000; 0.000; 
3; 42; Car; Silver; Undefined; 136.336; 137.738; 1378.073217; 447.5503; 0.000; 0.000; 
3; 46; Car; White; Undefined; 146.947; 155.055; 355.533069; 76.6968; 0.000; 0.000; 
3; 47; Motorcycle; Undefined; Undefined; 148.749; 151.451; 407.316363; 94.9448; 0.000; 0.000; 
3; 51; Car; Black; Undefined; 153.153; 175.676; 54.815003; 17.1309; 16.717; 16.717; 
3; 50; Motorcycle; Undefined; Undefined; 155.856; 156.957; 376.016932; 219.5985; 0.000; 0.000; 
3; 52; Bicycle; Undefined; Undefined; 158.458; 159.96; 1154.547114; 329.9966; 0.000; 0.000; 
3; 55; Car; Black; Undefined; 162.563; 164.264; 1250.757603; 471.7967; 0.000; 0.000; 
3; 58; Motorcycle; Undefined; Undefined; 165.365; 165.966; 1413.751389; 593.6715; 0.000; 0.000; 
3; 60; Motorcycle; Undefined; Undefined; 167.167; 167.968; 1298.613812; 539.4578; 0.000; 0.000; 
3; 74; Motorcycle; Undefined; Undefined; 192.092; 194.995; 363.076087; 47.9423; 0.000; 0.000; 
3; 73; Motorcycle; Undefined; Undefined; 193.393; 194.294; 1181.651016; 117.4745; 0.000; 0.000; 
3; 66; Motorcycle; Undefined; Undefined; 198.699; 199.6; 795.738125; 281.3234; 0.000; 0.000; 
3; 79; Car; White; Undefined; 204.304; 205.506; 1388.900230; 632.5080; 0.000; 0.000; 
3; 80; Motorcycle; Undefined; Undefined; 206.406; 207.307; 1750.907743; 638.8603; 0.000; 0.000; 
3; 77; Motorcycle; Undefined; Undefined; 213.313; 213.814; 566.548666; 174.0018; 0.000; 0.000; 
3; 84; Car; Silver; Undefined; 220.32; 222.623; 1037.245943; 259.9217; 0.000; 0.000; 
3; 82; Pedestrian; Undefined; Undefined; 220.42; 222.322; 531.870230; 143.9194; 0.000; 0.000; 
3; 85; Motorcycle; Undefined; Undefined; 222.523; 223.924; 1432.991268; 345.6911; 0.000; 0.000; 
3; 89; Car; Silver; Undefined; 231.632; 238.639; 203.033947; 75.6721; 0.000; 0.000; 
3; 92; Motorcycle; Undefined; Undefined; 240.541; 250.851; 246.933060; 66.8773; 0.000; 0.000; 
3; 90; Motorcycle; Undefined; Undefined; 241.842; 242.442; 1922.869049; 651.4118; 0.000; 0.000; 
3; 95; Motorcycle; Undefined; Undefined; 254.955; 255.856; 600.946904; 166.3834; 0.000; 0.000; 
3; 96; Motorcycle; Undefined; Undefined; 255.355; 256.757; 813.344355; 260.0614; 0.000; 0.000; 
3; 101; Car; Black; Undefined; 256.757; 260.561; 289.361801; 63.9802; 0.000; 0.000; 
3; 102; Motorcycle; Undefined; Undefined; 259.66; 260.961; 227.928524; 91.3952; 0.000; 0.000; 
3; 106; Car; Black; Undefined; 275.275; 298.799; 55.385091; 16.0425; 17.217; 17.217; 
3; 105; Car; Black; Undefined; 282.583; 283.483; 861.443361; 77.1898; 0.000; 0.000; 
3; 114; Motorcycle; Undefined; Undefined; 291.091; 291.692; 1518.943246; 559.4623; 0.000; 0.000; 
3; 118; Motorcycle; Undefined; Undefined; 297.898; 300.2; 309.686004; 117.6796; 0.000; 0.000; 
3; 119; Car; Black; Undefined; 300.4; 303.303; 814.211904; 196.5998; 0.000; 0.000; 
3; 115; Bicycle; Undefined; Undefined; 303.504; 307.007; 522.506913; 84.8694; 0.000; 0.000; 
3; 122; Car; Red; Undefined; 312.613; 314.715; 1452.355549; 185.0397; 0.000; 0.000; 
3; 124; Motorcycle; Undefined; Undefined; 317.417; 318.819; 1486.140606; 410.0211; 0.000; 0.000; 
3; 128; Motorcycle; Undefined; Undefined; 322.823; 361.662; 47.128440; 20.2243; 13.213; 7.708; 
3; 127; Motorcycle; Undefined; Undefined; 323.524; 324.424; 1658.511566; 600.9477; 0.000; 0.000; 
3; 139; Motorcycle; Undefined; Undefined; 351.151; 353.253; 571.788800; 200.4744; 0.000; 0.000; 
3; 136; Motorcycle; Undefined; Undefined; 353.253; 354.054; 629.430722; 178.5591; 0.000; 0.000; 
3; 151; Motorcycle; Undefined; Undefined; 357.658; 357.858; 239.024283; 46.1691; 0.000; 0.000; 
3; 145; Pedestrian; Undefined; Undefined; 361.762; 363.463; 699.395181; 175.4108; 0.000; 0.000; 
3; 154; Car; Red; Undefined; 362.462; 366.066; 335.843477; 87.6794; 0.000; 0.000; 
3; 147; Pedestrian; Undefined; Undefined; 362.663; 363.363; 369.678365; 285.2931; 0.000; 0.000; 
3; 157; Light Truck; Red; Undefined; 369.469; 375.976; 107.574972; 29.7971; 0.000; 0.000; 
3; 132; Car; Silver; Undefined; 378.378; 379.78; 974.430092; 277.2957; 0.000; 0.000; 
3; 162; Motorcycle; Undefined; Undefined; 380.581; 381.882; 268.394703; 36.3513; 0.000; 0.000; 
3; 162; Motorcycle; Undefined; Undefined; 383.183; 385.686; 21.259733; 22.5199; 0.000; 0.000; 
3; 166; Cartrailer; Black; Undefined; 386.486; 387.187; 415.832049; 146.9528; 0.000; 0.000; 
3; 167; Car; Silver; Undefined; 397.397; 399.099; 1199.251285; 401.7755; 0.000; 0.000; 
3; 170; Motorcycle; Undefined; Undefined; 398.599; 402.302; 235.304101; 54.3581; 0.000; 0.000; 
3; 169; Motorcycle; Undefined; Undefined; 401.301; 402.202; 1626.011909; 496.8582; 0.000; 0.000; 
3; 172; Motorcycle; Undefined; Undefined; 401.401; 402.603; 287.950636; 114.3680; 0.000; 0.000; 
3; 173; Car; Silver; Undefined; 411.812; 414.314; 1016.524128; 181.4961; 0.000; 0.000; 
3; 175; Motorcycle; Undefined; Undefined; 415.115; 417.718; 1380.615564; 233.1416; 0.000; 0.000; 
3; 177; Motorcycle; Undefined; Undefined; 423.423; 424.224; 1691.398799; 676.1392; 0.000; 0.000; 
3; 185; Motorcycle; Undefined; Undefined; 438.639; 439.339; 957.329182; 82.1624; 0.000; 0.000; 
3; 189; Car; Red; Undefined; 451.752; 454.154; 670.587811; 180.1983; 0.000; 0.000; 
3; 196; Light Truck; Orange; Undefined; 453.654; 467.067; 35.167532; 15.2157; 8.108; 8.108; 
3; 200; Motorcycle; Undefined; Undefined; 470.47; 470.871; 555.435128; 54.1645; 0.000; 0.000; 
3; 204; Motorcycle; Undefined; Undefined; 484.284; 485.285; 1992.720847; 604.8182; 0.000; 0.000; 
3; 210; Motorcycle; Undefined; Undefined; 494.094; 495.195; 1733.548953; 562.0471; 0.000; 0.000; 
3; 216; Car; Black; Undefined; 498.599; 506.006; 107.858588; 40.3622; 0.000; 0.000; 
3; 213; Motorcycle; Undefined; Undefined; 498.799; 499.8; 733.732518; 312.5693; 0.000; 0.000; 
3; 221; Motorcycle; Undefined; Undefined; 505.305; 505.906; 107.697917; 39.5207; 0.000; 0.000; 
3; 220; Motorcycle; Undefined; Undefined; 507.007; 508.208; 850.844274; 122.1645; 0.000; 0.000; 
3; 222; Car; Silver; Undefined; 507.007; 533.534; 39.983791; 16.5499; 13.714; 13.714; 
3; 224; Motorcycle; Undefined; Undefined; 511.812; 512.212; 1609.423350; 901.1562; 0.000; 0.000; 
3; 229; Car; Silver; Undefined; 522.422; 522.723; 1442.540680; 202.2192; 0.000; 0.000; 
3; 231; Car; Black; Undefined; 533.433; 534.635; 780.627722; 434.2236; 0.000; 0.000; 
3; 239; Motorcycle; Undefined; Undefined; 537.638; 538.939; 1306.351201; 443.0606; 0.000; 0.000; 
3; 241; Car; Silver; Undefined; 539.54; 547.748; 148.574677; 47.9081; 0.000; 0.000; 
3; 243; Motorcycle; Undefined; Undefined; 547.147; 548.148; 113.299269; 107.5126; 0.000; 0.000; 
3; 245; Motorcycle; Undefined; Undefined; 547.648; 548.549; 75.025925; 50.0920; 0.000; 0.000; 
3; 246; Car; Silver; Undefined; 548.348; 560.761; 91.509673; 21.6321; 5.305; 5.305; 
3; 249; Car; Silver; Undefined; 558.759; 560.761; 1013.078380; 324.2582; 0.000; 0.000; 
3; 246; Car; Silver; Undefined; 561.061; 569.97; 27.234634; 16.8481; 5.506; 5.506; 
3; 251; Motorcycle; Undefined; Undefined; 561.862; 562.763; 535.295228; 218.2046; 0.000; 0.000; 
3; 258; Motorcycle; Undefined; Undefined; 570.37; 571.071; 1842.364208; 621.0999; 0.000; 0.000; 
3; 259; Car; Silver; Undefined; 573.774; 577.477; 328.977541; 65.0744; 0.000; 0.000; 
3; 261; Car; Black; Undefined; 582.282; 593.794; 144.179096; 45.9437; 0.000; 0.000; 
3; 262; Motorcycle; Undefined; Undefined; 586.987; 587.988; 1531.726648; 570.5472; 0.000; 0.000; 
3; 265; Bus; Yellow; Undefined; 594.795; 597.598; 646.699715; 113.5729; 0.000; 0.000; 
3; 269; Motorcycle; Undefined; Undefined; 602.803; 607.708; 334.414178; 102.1159; 0.000; 0.000; 
3; 268; Motorcycle; Undefined; Undefined; 603.403; 605.005; 661.299535; 217.7463; 0.000; 0.000; 
3; 270; Car; Silver; Undefined; 603.604; 611.311; 121.543253; 39.6903; 0.000; 0.000; 
3; 267; Car; Silver; Undefined; 609.71; 611.111; 831.620886; 245.9245; 0.000; 0.000; 
3; 275; Motorcycle; Undefined; Undefined; 610.41; 611.111; 328.775091; 51.8129; 0.000; 0.000; 
3; 279; Car; Black; Undefined; 622.923; 624.925; 1012.505057; 292.4025; 0.000; 0.000; 
3; 281; Motorcycle; Undefined; Undefined; 625.025; 626.026; 1471.667289; 405.6588; 0.000; 0.000; 
3; 276; Light Truck; Red; Undefined; 629.229; 630.13; 733.597719; 278.4329; 0.000; 0.000; 
3; 285; Pedestrian; Undefined; Undefined; 646.947; 648.448; 928.278986; 138.2816; 0.000; 0.000; 
3; 287; Car; Black; Undefined; 651.552; 662.362; 163.020733; 49.1589; 5.706; 5.706; 
3; 293; Motorcycle; Undefined; Undefined; 665.065; 669.77; 266.039916; 88.6530; 0.000; 0.000; 
3; 295; Motorcycle; Undefined; Undefined; 668.068; 676.176; 43.704289; 25.6378; 5.305; 5.305; 
3; 289; Car; Black; Undefined; 673.874; 675.876; 711.783935; 250.6615; 0.000; 0.000; 
3; 296; Motorcycle; Undefined; Undefined; 675.475; 677.077; 1755.211914; 178.0924; 0.000; 0.000; 
4; 1; Car; Silver; Undefined; 0; 1.6016; 724.921103; 266.8010; 0.000; 0.000; 
4; 6; Motorcycle; Undefined; Undefined; 7.60761; 8.30831; 1826.353418; 889.1798; 0.000; 0.000; 
4; 8; Car; Silver; Undefined; 13.013; 13.4134; 3245.586055; 1950.5516; 0.000; 0.000; 
4; 10; Bicycle; Undefined; Undefined; 16.5165; 19.8198; 548.983493; 67.9434; 0.000; 0.000; 
4; 11; Bicycle; Undefined; Undefined; 19.2192; 22.1221; 586.247898; 46.8356; 0.000; 0.000; 
4; 13; Car; Black; Undefined; 22.5225; 23.9239; 114.241356; 60.3784; 0.000; 0.000; 
4; 14; Car; Black; Undefined; 24.8248; 25.7257; 1929.375694; 633.2572; 0.000; 0.000; 
4; 15; Car; White; Undefined; 29.7297; 31.4314; 801.295079; 119.9631; 0.000; 0.000; 
4; 19; Motorcycle; Undefined; Undefined; 43.043; 44.1441; 1424.221301; 247.7086; 0.000; 0.000; 
4; 22; Motorcycle; Undefined; Undefined; 58.2583; 60.7608; 738.941041; 59.0131; 0.000; 0.000; 
4; 23; Car; Red; Undefined; 59.3594; 60.8609; 1187.483105; 300.5410; 0.000; 0.000; 
4; 21; Car; Black; Undefined; 60.3604; 61.0611; 2017.261486; 1283.1421; 0.000; 0.000; 
4; 24; Motorcycle; Undefined; Undefined; 61.0611; 62.1622; 1313.710633; 195.7768; 0.000; 0.000; 
4; 26; Motorcycle; Undefined; Undefined; 62.7628; 64.965; 840.596153; 82.5389; 0.000; 0.000; 
4; 28; Car; Red; Undefined; 64.965; 66.1662; 1394.364740; 451.1388; 0.000; 0.000; 
4; 25; Pedestrian; Undefined; Undefined; 66.3664; 77.7778; 169.342278; 10.3075; 0.000; 0.000; 
4; 27; Motorcycle; Undefined; Undefined; 67.1672; 67.968; 1071.423501; 184.2681; 0.000; 0.000; 
4; 32; Car; Red; Undefined; 83.8839; 85.3854; 931.822952; 391.7734; 0.000; 0.000; 
4; 33; Motorcycle; Undefined; Undefined; 85.2853; 86.1862; 1735.220245; 753.4013; 0.000; 0.000; 
4; 34; Motorcycle; Undefined; Undefined; 89.4895; 90.6907; 1237.074404; 356.3662; 0.000; 0.000; 
4; 35; Light Truck; Black; Undefined; 92.0921; 93.6937; 1103.388684; 252.0059; 0.000; 0.000; 
4; 36; Car; Silver; Undefined; 106.907; 109.109; 860.938992; 105.4550; 0.000; 0.000; 
4; 38; Motorcycle; Undefined; Undefined; 117.417; 119.319; 919.456169; 79.0572; 0.000; 0.000; 
4; 40; Motorcycle; Undefined; Undefined; 125.425; 126.426; 721.273148; 33.7889; 0.000; 0.000; 
4; 44; Motorcycle; Undefined; Undefined; 138.138; 138.839; 1733.211632; 952.1900; 0.000; 0.000; 
4; 49; Car; Green; Undefined; 151.051; 154.154; 589.212694; 74.7372; 0.000; 0.000; 
4; 50; Motorcycle; Undefined; Undefined; 152.853; 155.155; 652.933735; 66.6005; 0.000; 0.000; 
4; 53; Car; Silver; Undefined; 158.559; 158.959; 1758.463761; 1000.5649; 0.000; 0.000; 
4; 56; Motorcycle; Undefined; Undefined; 160.36; 162.362; 900.026394; 58.2315; 0.000; 0.000; 
4; 57; Car; Black; Undefined; 165.265; 166.366; 1111.740865; 626.0456; 0.000; 0.000; 
4; 59; Motorcycle; Undefined; Undefined; 165.566; 167.768; 807.494142; 128.2645; 0.000; 0.000; 
4; 48; Motorcycle; Undefined; Undefined; 167.868; 168.068; 710.423436; 107.0546; 0.000; 0.000; 
4; 61; Car; Silver; Undefined; 168.268; 169.269; 1608.517325; 736.9082; 0.000; 0.000; 
4; 56; Motorcycle; Undefined; Undefined; 170.17; 171.572; 1006.318828; 147.0704; 0.000; 0.000; 
4; 63; Motorcycle; Undefined; Undefined; 171.772; 172.773; 1005.755262; 346.6381; 0.000; 0.000; 
4; 65; Motorcycle; Undefined; Undefined; 171.972; 175.275; 434.602216; 59.0625; 0.000; 0.000; 
4; 64; Motorcycle; Undefined; Undefined; 172.973; 174.074; 1393.055253; 366.4843; 0.000; 0.000; 
4; 67; Car; Black; Undefined; 178.478; 181.181; 662.611212; 59.4750; 0.000; 0.000; 
4; 70; Car; Black; Undefined; 183.283; 184.384; 1596.055467; 389.8163; 0.000; 0.000; 
4; 69; Car; Silver; Undefined; 186.186; 187.087; 1210.086661; 965.7063; 0.000; 0.000; 
4; 72; Car; Silver; Undefined; 186.887; 188.488; 908.399082; 110.7485; 0.000; 0.000; 
4; 75; Motorcycle; Undefined; Undefined; 192.693; 194.094; 1214.021518; 170.9519; 0.000; 0.000; 
4; 74; Motorcycle; Undefined; Undefined; 194.995; 195.696; 579.841235; 34.9972; 0.000; 0.000; 
4; 81; Car; Red; Undefined; 210.21; 210.711; 2672.224690; 1014.5791; 0.000; 0.000; 
4; 83; Car; Black; Undefined; 215.716; 216.817; 1582.292055; 383.1296; 0.000; 0.000; 
4; 88; Light Truck; Black; Undefined; 231.231; 231.532; 1816.624060; 276.9317; 0.000; 0.000; 
4; 93; Truck; Black; Undefined; 242.543; 244.044; 984.214405; 224.2286; 0.000; 0.000; 
4; 97; Car; Black; Undefined; 246.346; 247.548; 1493.860911; 433.3533; 0.000; 0.000; 
4; 98; Car; Red; Undefined; 248.448; 249.85; 1240.251940; 299.0223; 0.000; 0.000; 
4; 99; Motorcycle; Undefined; Undefined; 251.151; 255.956; 337.284839; 55.4012; 0.000; 0.000; 
4; 91; Motorcycle; Undefined; Undefined; 252.853; 254.054; 1216.650707; 308.9703; 0.000; 0.000; 
4; 102; Motorcycle; Undefined; Undefined; 258.959; 259.259; 167.987239; 52.8595; 0.000; 0.000; 
4; 102; Motorcycle; Undefined; Undefined; 260.961; 262.763; 762.469635; 78.9226; 0.000; 0.000; 
4; 107; Motorcycle; Undefined; Undefined; 277.377; 279.279; 932.726794; 94.7137; 0.000; 0.000; 
4; 111; Car; Black; Undefined; 284.685; 285.686; 1798.104677; 614.5141; 0.000; 0.000; 
4; 110; Van; Silver; Undefined; 285.185; 285.986; 1924.867436; 1395.9203; 0.000; 0.000; 
4; 112; Bicycle; Undefined; Undefined; 291.191; 295.095; 354.393980; 42.3346; 0.000; 0.000; 
4; 116; Car; Black; Undefined; 294.895; 296.196; 1427.149306; 409.8503; 0.000; 0.000; 
4; 117; Motorcycle; Undefined; Undefined; 295.596; 297.397; 897.764910; 122.5155; 0.000; 0.000; 
4; 118; Motorcycle; Undefined; Undefined; 300.2; 300.801; 1017.813093; 127.8907; 0.000; 0.000; 
4; 108; Car; Silver; Undefined; 304.004; 305.506; 1023.954656; 335.8035; 0.000; 0.000; 
4; 120; Car; Black; Undefined; 308.008; 308.909; 1606.459756; 1080.1711; 0.000; 0.000; 
4; 123; Car; Black; Undefined; 312.012; 314.114; 871.784642; 114.2451; 0.000; 0.000; 
4; 125; Car; Silver; Undefined; 319.92; 320.521; 2246.125303; 919.2380; 0.000; 0.000; 
4; 126; Motorcycle; Undefined; Undefined; 322.022; 322.623; 2256.452571; 607.5378; 0.000; 0.000; 
4; 129; Car; Silver; Undefined; 325.626; 326.326; 2207.249228; 1278.9903; 0.000; 0.000; 
4; 131; Car; Silver; Undefined; 326.627; 327.628; 1896.910295; 624.4005; 0.000; 0.000; 
4; 130; Car; Black; Undefined; 327.928; 328.529; 2239.288597; 1254.7813; 0.000; 0.000; 
4; 138; Motorcycle; Undefined; Undefined; 334.234; 335.135; 1312.778833; 396.4836; 0.000; 0.000; 
4; 140; Car; Black; Undefined; 337.137; 338.338; 1370.355209; 371.4507; 0.000; 0.000; 
4; 143; Car; Silver; Undefined; 348.048; 348.448; 2310.003458; 1825.1014; 0.000; 0.000; 
4; 137; Motorcycle; Undefined; Undefined; 349.65; 350.35; 1634.187272; 494.6373; 0.000; 0.000; 
4; 144; Motorcycle; Undefined; Undefined; 350.05; 351.151; 1346.238116; 390.3425; 0.000; 0.000; 
4; 146; Light Truck; White; Undefined; 355.155; 355.956; 1871.619672; 1637.1273; 0.000; 0.000; 
4; 150; Car; Silver; Undefined; 357.457; 358.258; 2042.393127; 468.4147; 0.000; 0.000; 
4; 151; Motorcycle; Undefined; Undefined; 357.958; 360.26; 775.326733; 128.3273; 0.000; 0.000; 
4; 154; Car; Red; Undefined; 366.066; 366.266; 966.721210; 181.6660; 0.000; 0.000; 
4; 159; Car; Silver; Undefined; 373.073; 373.774; 2530.114116; 644.3186; 0.000; 0.000; 
4; 158; Motorcycle; Undefined; Undefined; 373.173; 374.875; 718.181739; 119.3028; 0.000; 0.000; 
4; 157; Light Truck; Red; Undefined; 376.076; 378.178; 591.987147; 92.3933; 0.000; 0.000; 
4; 162; Motorcycle; Undefined; Undefined; 381.882; 383.183; 106.768975; 47.1250; 0.000; 0.000; 
4; 161; Motorcycle; Undefined; Undefined; 383.183; 383.984; 1563.115156; 200.0744; 0.000; 0.000; 
4; 162; Motorcycle; Undefined; Undefined; 385.686; 388.689; 467.526905; 64.7205; 0.000; 0.000; 
4; 166; Cartrailer; Black; Undefined; 387.187; 388.889; 601.169423; 181.9433; 0.000; 0.000; 
4; 170; Motorcycle; Undefined; Undefined; 402.302; 403.003; 769.141409; 79.2323; 0.000; 0.000; 
4; 172; Motorcycle; Undefined; Undefined; 402.703; 404.705; 601.505681; 54.5419; 0.000; 0.000; 
4; 152; Motorcycle; Undefined; Undefined; 415.816; 416.416; 2280.894289; 1236.1648; 0.000; 0.000; 
4; 168; Car; Red; Undefined; 417.618; 419.119; 1026.860653; 336.6089; 0.000; 0.000; 
4; 176; Car; Silver; Undefined; 421.121; 422.222; 1589.754618; 875.2718; 0.000; 0.000; 
4; 180; Pedestrian; Undefined; Undefined; 431.532; 441.341; 188.944776; 30.6898; 0.000; 0.000; 
4; 182; Car; Silver; Undefined; 436.537; 437.237; 2108.155220; 1088.0800; 0.000; 0.000; 
4; 184; Pedestrian; Undefined; Undefined; 437.838; 449.449; 166.873588; 15.5156; 0.000; 0.000; 
4; 181; Motorcycle; Undefined; Undefined; 438.338; 438.839; 1314.889251; 399.4654; 0.000; 0.000; 
4; 174; Car; Silver; Undefined; 440.641; 442.843; 638.395161; 132.3593; 0.000; 0.000; 
4; 188; Car; Black; Undefined; 443.143; 444.044; 1931.536552; 534.2183; 0.000; 0.000; 
4; 190; Car; Black; Undefined; 454.855; 455.656; 965.588009; 870.9080; 0.000; 0.000; 
4; 192; Pedestrian; Undefined; Undefined; 455.255; 465.866; 162.653539; 16.7749; 0.000; 0.000; 
4; 194; Motorcycle; Undefined; Undefined; 456.657; 457.157; 1612.265994; 953.8797; 0.000; 0.000; 
4; 195; Car; Silver; Undefined; 457.758; 458.859; 1529.789417; 523.7750; 0.000; 0.000; 
4; 197; Car; Silver; Undefined; 459.96; 460.761; 1123.785418; 815.7599; 0.000; 0.000; 
4; 199; Motorcycle; Undefined; Undefined; 462.162; 463.063; 913.532898; 361.4479; 0.000; 0.000; 
4; 198; Motorcycle; Undefined; Undefined; 463.163; 463.664; 1856.420334; 544.8987; 0.000; 0.000; 
4; 196; Light Truck; Orange; Undefined; 467.067; 468.869; 789.408350; 144.6419; 0.000; 0.000; 
4; 202; Light Truck; Silver; Undefined; 473.473; 474.875; 1286.781853; 322.8545; 0.000; 0.000; 
4; 206; Bicycle; Undefined; Undefined; 482.783; 487.688; 367.145521; 23.5298; 0.000; 0.000; 
4; 186; Car; Silver; Undefined; 483.684; 485.586; 803.583779; 202.9045; 0.000; 0.000; 
4; 209; Motorcycle; Undefined; Undefined; 485.285; 486.787; 832.048361; 54.1195; 0.000; 0.000; 
4; 203; Car; Black; Undefined; 487.688; 489.289; 740.969259; 326.6857; 0.000; 0.000; 
4; 205; Car; Silver; Undefined; 489.79; 490.991; 1307.043372; 615.8595; 0.000; 0.000; 
4; 212; Van; Silver; Undefined; 494.695; 497.598; 629.839953; 56.6681; 0.000; 0.000; 
4; 211; Car; Black; Undefined; 495.696; 496.296; 2356.079169; 1192.3333; 0.000; 0.000; 
4; 213; Motorcycle; Undefined; Undefined; 496.597; 498.498; 724.182527; 108.9379; 0.000; 0.000; 
4; 215; Car; White; Undefined; 498.198; 500.501; 737.735216; 91.5847; 0.000; 0.000; 
4; 216; Car; Black; Undefined; 506.006; 506.306; 571.614756; 78.0566; 0.000; 0.000; 
4; 221; Motorcycle; Undefined; Undefined; 506.006; 509.209; 547.883777; 63.8595; 0.000; 0.000; 
4; 223; Car; Yellow; Undefined; 512.012; 512.913; 1476.767918; 976.4880; 0.000; 0.000; 
4; 227; Car; Red; Undefined; 513.013; 514.014; 1540.302410; 361.0042; 0.000; 0.000; 
4; 228; Motorcycle; Undefined; Undefined; 514.515; 516.416; 956.597938; 43.5363; 0.000; 0.000; 
4; 226; Car; Silver; Undefined; 519.52; 520.621; 986.186267; 650.0202; 0.000; 0.000; 
4; 230; Motorcycle; Undefined; Undefined; 520.721; 523.423; 669.884945; 48.8239; 0.000; 0.000; 
4; 232; Light Truck; Green; Undefined; 521.922; 524.024; 496.313271; 91.9129; 0.000; 0.000; 
4; 229; Car; Silver; Undefined; 523.824; 525.325; 857.964047; 324.5312; 0.000; 0.000; 
4; 233; Car; Silver; Undefined; 525.826; 527.528; 1106.772747; 225.3179; 0.000; 0.000; 
4; 235; Motorcycle; Undefined; Undefined; 528.228; 529.73; 1075.298400; 319.0185; 0.000; 0.000; 
4; 236; Motorcycle; Undefined; Undefined; 529.129; 530.631; 1116.404297; 181.8444; 0.000; 0.000; 
4; 222; Car; Silver; Undefined; 533.634; 540.541; 133.544887; 37.7573; 0.000; 0.000; 
4; 240; Car; Silver; Undefined; 537.237; 538.639; 1278.176500; 338.2605; 0.000; 0.000; 
4; 242; Motorcycle; Undefined; Undefined; 539.54; 542.543; 409.912070; 64.4717; 0.000; 0.000; 
4; 243; Motorcycle; Undefined; Undefined; 543.944; 545.946; 765.023925; 48.3999; 0.000; 0.000; 
4; 244; Motorcycle; Undefined; Undefined; 545.646; 547.748; 802.385164; 34.5274; 0.000; 0.000; 
4; 241; Car; Silver; Undefined; 547.748; 548.849; 584.902877; 64.4540; 0.000; 0.000; 
4; 245; Motorcycle; Undefined; Undefined; 548.649; 551.451; 570.912173; 69.4102; 0.000; 0.000; 
4; 248; Motorcycle; Undefined; Undefined; 555.756; 555.956; 1673.529254; 1011.6876; 0.000; 0.000; 
4; 252; Motorcycle; Undefined; Undefined; 561.461; 563.964; 715.172310; 84.9323; 0.000; 0.000; 
4; 254; Car; Black; Undefined; 564.364; 565.766; 1149.001730; 323.6715; 0.000; 0.000; 
4; 255; Car; Silver; Undefined; 565.966; 567.167; 1430.428781; 417.5772; 0.000; 0.000; 
4; 246; Car; Silver; Undefined; 570.07; 571.672; 295.058234; 67.2588; 0.000; 0.000; 
4; 256; Motorcycle; Undefined; Undefined; 574.675; 575.475; 1299.537918; 400.6376; 0.000; 0.000; 
4; 257; Car; Silver; Undefined; 575.976; 576.877; 1436.669815; 209.8488; 0.000; 0.000; 
4; 259; Car; Silver; Undefined; 577.477; 578.178; 900.264528; 164.1623; 0.000; 0.000; 
4; 263; Car; Silver; Undefined; 589.489; 589.99; 2074.535851; 1416.0861; 0.000; 0.000; 
4; 260; Car; Silver; Undefined; 599.399; 601.301; 798.775297; 216.1345; 0.000; 0.000; 
4; 272; Pedestrian; Undefined; Undefined; 608.108; 612.212; 254.644476; 39.9868; 0.000; 0.000; 
4; 275; Motorcycle; Undefined; Undefined; 610.01; 610.31; 329.005044; 82.3420; 0.000; 0.000; 
4; 275; Motorcycle; Undefined; Undefined; 611.011; 615.716; 304.550943; 84.6851; 0.000; 0.000; 
4; 270; Car; Silver; Undefined; 611.411; 611.512; 310.685439; 55.1291; 0.000; 0.000; 
4; 283; Car; Yellow; Undefined; 643.043; 644.144; 1524.056369; 482.7728; 0.000; 0.000; 
4; 286; Car; Silver; Undefined; 653.053; 653.754; 2104.182159; 734.4965; 0.000; 0.000; 
4; 288; Car; Black; Undefined; 656.356; 657.357; 1682.749740; 782.4916; 0.000; 0.000; 
4; 282; Car; Silver; Undefined; 659.359; 661.161; 702.173445; 205.3645; 0.000; 0.000; 
4; 291; Motorcycle; Undefined; Undefined; 661.662; 664.665; 577.561993; 31.5130; 0.000; 0.000; 
4; 294; Car; Silver; Undefined; 666.166; 668.769; 692.639042; 64.3404; 0.000; 0.000; 
4; 295; Motorcycle; Undefined; Undefined; 667.768; 667.968; 187.139586; 49.3436; 0.000; 0.000; 
4; 293; Motorcycle; Undefined; Undefined; 669.87; 670.37; 468.130693; 55.9513; 0.000; 0.000; 
4; 295; Motorcycle; Undefined; Undefined; 676.176; 677.878; 806.813372; 91.6944; 0.000; 0.000; 
4; 298; Car; Silver; Undefined; 682.883; 683.483; 2330.337851; 1517.7084; 0.000; 0.000; 
4; 297; Car; Silver; Undefined; 695.295; 696.096; 1264.489394; 651.5158; 0.000; 0.000; 
4; 301; Motorcycle; Undefined; Undefined; 696.196; 697.497; 1100.698528; 142.2515; 0.000; 0.000; 
